City,State,Date time,Maximum Temperature,Minimum Temperature,Temperature,Wind Chill,Heat Index,Precipitation,Snow Depth,Wind Speed,Wind Gust,Cloud Cover,Relative Humidity,Conditions
Manacapuru,Amazonas,07-01-2020,87.3,74.6,81.2,,97.2,0,,10.2,,37,84.36,Partially cloudy
Manacapuru,Amazonas,07-02-2020,89.1,75.8,80.9,,101.8,0,,7,,41.7,85.67,Partially cloudy
Manacapuru,Amazonas,07-03-2020,85.5,75.2,78.9,,95,0,,7.8,,59.9,88.78,Partially cloudy
Manacapuru,Amazonas,07-04-2020,89.1,74,80.2,,99.4,0,,6.2,,53.7,86.33,Partially cloudy
Manacapuru,Amazonas,07-05-2020,86,74,79.3,,94.1,0,,11.3,,55.2,87.42,Partially cloudy
Manacapuru,Amazonas,07-06-2020,90.9,74,81.1,,102,0,,10.2,,44.2,80.79,Partially cloudy
Manacapuru,Amazonas,07-07-2020,87.9,76.4,80.2,,98.6,0,,7.3,,42.1,85.98,Partially cloudy
Manacapuru,Amazonas,07-08-2020,89.1,75.2,81,,99.6,0,,6.6,,42.5,81.9,Partially cloudy
Manacapuru,Amazonas,07-09-2020,89.6,74.6,81.1,,101,0,,9.6,,23.3,80.78,Clear
Manacapuru,Amazonas,07-10-2020,87.3,72.2,79.3,,98.5,0,,12.8,,38.5,85.06,Partially cloudy
Manacapuru,Amazonas,07-11-2020,88.5,73.3,80.3,,98.6,0,,8.1,,36.6,82.02,Partially cloudy
Manacapuru,Amazonas,07-12-2020,90.9,72.8,81.4,,99.2,0,,10.7,,27.3,79.12,Partially cloudy
Manacapuru,Amazonas,07/13/2020,89.1,75.8,81.3,,100.2,0,,6.9,20.8,44,83.6,Partially cloudy
Manacapuru,Amazonas,07/14/2020,89.1,72.9,80.3,,100.2,0,,7.3,,41.3,83.17,Partially cloudy
Manacapuru,Amazonas,07/15/2020,90.9,74.6,82.6,,99.5,0,,11.3,,22.4,75.6,Clear
Manacapuru,Amazonas,07/16/2020,89.1,74.6,80.2,,98.8,0,,8.1,,29.6,83.22,Partially cloudy
Manacapuru,Amazonas,07/17/2020,89.6,74,82.7,,100.2,0,,10.6,,30.6,76.48,Partially cloudy
Manacapuru,Amazonas,07/18/2020,90.9,76.4,82.9,,100.2,0,,14.7,,21.3,76.71,Clear
Manacapuru,Amazonas,07/19/2020,92.1,74.6,83,,96.3,0,,12.4,,20.7,72.39,Clear
Manacapuru,Amazonas,07/20/2020,92.7,74.6,82.4,,97,0,,12.1,,9.5,71.41,Clear
Manacapuru,Amazonas,07/21/2020,92.1,76.4,82.9,,98.9,0,,10.3,,38.5,71.64,Partially cloudy
Manacapuru,Amazonas,07/22/2020,89.1,75.8,80.9,,96.8,0,,5.8,,45.9,79.7,Partially cloudy
Manacapuru,Amazonas,07/23/2020,88.4,75.8,80.5,,98.3,0,,7,,30.3,80.85,Partially cloudy
Manacapuru,Amazonas,07/24/2020,85.5,75.2,79.8,,94.9,0,,7.8,,30,85.54,Partially cloudy
Manacapuru,Amazonas,07/25/2020,92.1,76.4,83.2,,98.6,0,,10.5,,23,75.18,Clear
Manacapuru,Amazonas,07/26/2020,92.7,75.1,83.1,,99.5,0,,11.3,,30,72.16,Partially cloudy
Manacapuru,Amazonas,07/27/2020,92.7,73.3,82.8,,98.5,0,,8.5,,17.3,70.09,Clear
Manacapuru,Amazonas,07/28/2020,89.1,75.2,81.4,,97.2,0,,7.8,,26.8,77.08,Partially cloudy
Manacapuru,Amazonas,07/29/2020,92.7,73.3,82.5,,95.8,0,,14.3,,6.7,67.09,Clear
Manacapuru,Amazonas,07/30/2020,93.2,69.7,81.8,,93.3,0,,8.9,,0,62.53,Clear
Manacapuru,Amazonas,07/31/2020,94.5,71.5,82.6,,98.3,0,,9.3,,3.9,66.8,Clear
Manaus,Amazonas,07-01-2020,87.3,74.6,81.2,,97.3,0,,10.2,,37.3,84.36,Partially cloudy
Manaus,Amazonas,07-02-2020,89.1,75.8,80.9,,101.8,0,,7,,42.4,85.65,Partially cloudy
Manaus,Amazonas,07-03-2020,85.5,75.2,78.9,,95,0,,7.7,,61,88.78,Partially cloudy
Manaus,Amazonas,07-04-2020,89.1,74,80.2,,99.5,0,,6.2,,54.2,86.32,Partially cloudy
Manaus,Amazonas,07-05-2020,86,74,79.3,,94.1,0,,11.3,,56,87.41,Partially cloudy
Manaus,Amazonas,07-06-2020,90.9,74,81.1,,102,0,,10.2,,44.9,80.78,Partially cloudy
Manaus,Amazonas,07-07-2020,87.9,76.4,80.2,,98.6,0,,7.3,,42.2,85.97,Partially cloudy
Manaus,Amazonas,07-08-2020,89.1,75.2,81,,99.6,0,,6.6,,43,81.88,Partially cloudy
Manaus,Amazonas,07-09-2020,89.6,74.6,81.1,,101.1,0,,9.6,,23.2,80.77,Clear
Manaus,Amazonas,07-10-2020,87.3,72.2,79.3,,98.5,0,,12.8,,38.9,85.05,Partially cloudy
Manaus,Amazonas,07-11-2020,88.5,73.4,80.3,,98.7,0,,8.1,,36.7,81.99,Partially cloudy
Manaus,Amazonas,07-12-2020,90.9,72.8,81.4,,99.2,0,,10.7,,27.2,79.12,Partially cloudy
Manaus,Amazonas,07/13/2020,89.1,75.8,81.3,,100.3,0,,6.9,20.8,44.3,83.59,Partially cloudy
Manaus,Amazonas,07/14/2020,89.1,72.9,80.3,,100.3,0,,7.3,,41.3,83.16,Partially cloudy
Manaus,Amazonas,07/15/2020,90.9,74.6,82.6,,99.6,0,,11.3,,22.4,75.6,Clear
Manaus,Amazonas,07/16/2020,89.1,74.6,80.2,,98.8,0,,8.1,,29.4,83.21,Partially cloudy
Manaus,Amazonas,07/17/2020,89.6,74,82.7,,100.3,0,,10.5,,30.8,76.49,Partially cloudy
Manaus,Amazonas,07/18/2020,90.9,76.4,82.9,,100.3,0,,14.7,,21.4,76.71,Clear
Manaus,Amazonas,07/19/2020,92.1,74.6,83.1,,96.3,0,,12.4,,20.7,72.4,Clear
Manaus,Amazonas,07/20/2020,92.7,74.6,82.5,,97.1,0,,12.1,,9.5,71.4,Clear
Manaus,Amazonas,07/21/2020,92.1,76.4,82.9,,98.9,0,,10.3,,39.3,71.63,Partially cloudy
Manaus,Amazonas,07/22/2020,89.1,75.8,80.9,,96.8,0,,5.8,,46.5,79.67,Partially cloudy
Manaus,Amazonas,07/23/2020,88.4,75.8,80.5,,98.4,0,,7,,30.1,80.83,Partially cloudy
Manaus,Amazonas,07/24/2020,85.5,75.2,79.8,,94.9,0,,7.7,,30.4,85.53,Partially cloudy
Manaus,Amazonas,07/25/2020,92.1,76.4,83.2,,98.7,0,,10.5,,22.8,75.18,Clear
Manaus,Amazonas,07/26/2020,92.7,75.2,83.1,,99.5,0,,11.3,,30.3,72.15,Partially cloudy
Manaus,Amazonas,07/27/2020,92.7,73.4,82.7,,98.5,0,,8.5,,16.8,70.52,Clear
Manaus,Amazonas,07/28/2020,89.1,75.2,81.4,,97.3,0,,7.7,,27.2,77.07,Partially cloudy
Manaus,Amazonas,07/29/2020,92.7,73.4,82.5,,95.9,0,,14.3,,6.7,67.09,Clear
Manaus,Amazonas,07/30/2020,92.7,69.8,81.8,,93.5,0,,8.8,,0,62.62,Clear
Manaus,Amazonas,07/31/2020,94.5,71.6,82.6,,98.3,0,,9.3,,4,66.79,Clear
Porto Seguro,Bahia,07-01-2020,84.2,68,74.6,,86.5,0,,14.8,,38.9,80.18,Partially cloudy
Porto Seguro,Bahia,07-02-2020,82.4,69.8,74.9,,87.2,0,,13.7,,21.2,79.96,Clear
Porto Seguro,Bahia,07-03-2020,80.6,66.2,73.8,,83.9,0,,14.8,,25.4,84.3,Partially cloudy
Porto Seguro,Bahia,07-04-2020,80.6,68,73.3,,83.3,0,,9.1,,50.6,85.18,Partially cloudy
Porto Seguro,Bahia,07-05-2020,77,71.6,74.3,,,0,,11.3,20.8,70.2,82.34,Partially cloudy
Porto Seguro,Bahia,07-06-2020,78.8,69.8,73,,,0,,17,,76.4,85.17,Overcast
Porto Seguro,Bahia,07-07-2020,80.6,68,73.8,,83.8,0,,8,,46.2,77.6,Partially cloudy
Porto Seguro,Bahia,07-08-2020,80.6,64.4,72,,82.7,0,,8,,35.9,77.32,Partially cloudy
Porto Seguro,Bahia,07-09-2020,80.6,64.4,72.2,,83.3,0,,9.1,,38.8,82.87,Partially cloudy
Porto Seguro,Bahia,07-10-2020,80.6,64.4,72.3,,82.3,0,,8,,38.4,80.52,Partially cloudy
Porto Seguro,Bahia,07-11-2020,78.8,66.2,72.2,,,0,,8,,53.3,84.07,Partially cloudy
Porto Seguro,Bahia,07-12-2020,77,68,71.2,,,0,,8,,59.4,88.13,Partially cloudy
Porto Seguro,Bahia,07/13/2020,78.8,68,72.8,,,0,,8,,75.5,85.45,Overcast
Porto Seguro,Bahia,07/14/2020,80.6,66.2,73.2,,84,0,,9.1,,19.5,84.52,Clear
Porto Seguro,Bahia,07/15/2020,80.6,66.2,72.3,,83.9,0,,6.9,,47.5,84.83,Partially cloudy
Porto Seguro,Bahia,07/16/2020,75.2,68,73.2,,,0,,14.9,,74.5,79.59,Partially cloudy
Porto Seguro,Bahia,07/17/2020,77,66.2,73.5,,,0,,11.4,21.9,60.4,70.49,Partially cloudy
Porto Seguro,Bahia,07/18/2020,78.8,64.4,70.7,,,0,,9.1,,62.4,75.58,Partially cloudy
Porto Seguro,Bahia,07/19/2020,78.8,64.4,70.7,,,0,,12.6,,60,84.38,Partially cloudy
Porto Seguro,Bahia,07/20/2020,78.8,68,73.3,,,0,,10.2,,56.5,82.5,Partially cloudy
Porto Seguro,Bahia,07/21/2020,78.8,66.1,74.8,,,0,,10.3,,38.9,67.08,Partially cloudy
Porto Seguro,Bahia,07/22/2020,80.6,64.3,70.7,,81.4,0,,9.1,,22.6,73.66,Clear
Porto Seguro,Bahia,07/23/2020,77,60.8,69.1,,,0,,6.9,,37.9,83.78,Partially cloudy
Porto Seguro,Bahia,07/24/2020,78.8,66.2,74.1,,,0,,14.8,23,49.3,70.86,Partially cloudy
Porto Seguro,Bahia,07/25/2020,78.8,64.4,71.4,,,0,,8,,47.8,83.82,Partially cloudy
Porto Seguro,Bahia,07/26/2020,78.8,71.5,74.4,,,0,,16,,55.4,82.31,Partially cloudy
Porto Seguro,Bahia,07/27/2020,78.8,66.2,72.6,,,0,,11.4,,37.6,77.11,Partially cloudy
Porto Seguro,Bahia,07/28/2020,78.8,66.2,71.3,,,0,,12.6,,54.5,81.33,Partially cloudy
Porto Seguro,Bahia,07/29/2020,78.8,62.6,71.3,,,0,,9.1,,31.5,77.54,Partially cloudy
Porto Seguro,Bahia,07/30/2020,78.8,62.5,70.3,,,0,,8,,41,79.62,Partially cloudy
Porto Seguro,Bahia,07/31/2020,78.8,68,73.8,,,0,,9.2,,57.1,72.78,Partially cloudy
Salvador,Bahia,07-01-2020,82.4,71.6,76.4,,84.4,0,,6.9,,8.6,72.46,Clear
Salvador,Bahia,07-02-2020,82.4,68,75.9,,86.2,0,,11.4,,15,81.51,Clear
Salvador,Bahia,07-03-2020,82.4,71.6,76.5,,87.2,0,,10.3,,16,84.66,Clear
Salvador,Bahia,07-04-2020,82.4,71.6,76.2,,86.6,0,,9.2,,21.6,83.02,Clear
Salvador,Bahia,07-05-2020,83.5,76.3,78.8,,87.3,0,,12.8,,11.1,71.39,Clear
Salvador,Bahia,07-06-2020,82.4,74.5,77.9,,85.9,0,,15,,9.5,70.92,Clear
Salvador,Bahia,07-07-2020,80.6,71.8,75.9,,83.4,0,,12.8,,18.6,77.6,Clear
Salvador,Bahia,07-08-2020,81.6,71,75.1,,86.1,0,,12.8,,25.9,88.27,Partially cloudy
Salvador,Bahia,07-09-2020,78.8,71.7,73.9,,,0,,15,,27.5,92.93,Partially cloudy
Salvador,Bahia,07-10-2020,81.8,71.9,76.3,,85.9,0,,9.2,,25.1,80.38,Partially cloudy
Salvador,Bahia,07-11-2020,80.6,71.9,75.7,,83.9,0,,12.8,,17.4,77.52,Clear
Salvador,Bahia,07-12-2020,80.7,72.7,76.8,,84.9,0,,11.4,,17.6,79.44,Clear
Salvador,Bahia,07/13/2020,80.6,71,75.7,,84.6,0,,11.4,,30,85.03,Partially cloudy
Salvador,Bahia,07/14/2020,79.1,71.7,73.8,,,0,,10.3,,15.4,90.24,Clear
Salvador,Bahia,07/15/2020,82.5,71.6,76.4,,87.6,0,,12.8,,13.6,82.94,Clear
Salvador,Bahia,07/16/2020,80.7,71.6,76.4,,83.7,0,,11.4,25.3,11,77.41,Clear
Salvador,Bahia,07/17/2020,77,69.9,73.4,,,0,,13.9,,27,87.04,Partially cloudy
Salvador,Bahia,07/18/2020,79.9,70,74.7,,,0,,15,27.7,6.4,79.29,Clear
Salvador,Bahia,07/19/2020,79.1,69.8,74.5,,,0,,6.9,35.8,5,80.9,Clear
Salvador,Bahia,07/20/2020,80.9,71.9,75.6,,85.3,0,,13.9,,6.5,80.8,Clear
Salvador,Bahia,07/21/2020,81.6,70.8,76.2,,85.7,0,,15,,5.1,78.08,Clear
Salvador,Bahia,07/22/2020,80,70.2,75.1,,,0,,15,,17,77.31,Clear
Salvador,Bahia,07/23/2020,81.7,71.9,76.4,,85.4,0,,10.3,,13.8,79.98,Clear
Salvador,Bahia,07/24/2020,81.7,71.1,76.5,,84.9,0,,16.1,,13.4,72.49,Clear
Salvador,Bahia,07/25/2020,82.4,72.7,76.4,,85.5,0,,5.8,,4.4,71.55,Clear
Salvador,Bahia,07/26/2020,81.6,72,75.3,,85.6,0,,13.9,,7.3,84.81,Clear
Salvador,Bahia,07/27/2020,81.8,71.9,76.2,,85.8,0,,17.2,,9.4,81.98,Clear
Salvador,Bahia,07/28/2020,81.6,74.5,76.9,,85,0,,16.1,,6.8,72.86,Clear
Salvador,Bahia,07/29/2020,80.9,73.8,76.9,,83.5,0,,9.2,,3.3,68.87,Clear
Salvador,Bahia,07/30/2020,81.7,72.1,76.8,,83.7,0,,12.8,,6.7,67.66,Clear
Salvador,Bahia,07/31/2020,80.9,72,76.2,,83.8,0,,15,35.8,15.2,76.37,Clear
Camocim,Ceará,07-01-2020,86.2,74.9,80.7,,91.5,0,,15,,35.6,74.48,Partially cloudy
Camocim,Ceará,07-02-2020,85.9,76.3,80.5,,90.7,0,,14.6,,30.6,74.35,Partially cloudy
Camocim,Ceará,07-03-2020,84,76.7,80.2,,88.9,0,,16.5,,35.5,77.9,Partially cloudy
Camocim,Ceará,07-04-2020,86.3,76.7,80.8,,90.2,0,,20.4,,24.5,73.02,Clear
Camocim,Ceará,07-05-2020,87.9,76.5,81.8,,91.3,0,,14.6,,19.4,70.42,Clear
Camocim,Ceará,07-06-2020,80.5,73.1,75.4,,85.8,0,,10.5,,53,87.43,Partially cloudy
Camocim,Ceará,07-07-2020,86.1,71.6,77.7,,88.4,0,,14.2,,39.3,76.08,Partially cloudy
Camocim,Ceará,07-08-2020,86.2,75.1,80.5,,90.5,0,,15.3,,27,73.24,Partially cloudy
Camocim,Ceará,07-09-2020,84.5,74.7,79.2,,88.7,0,,17.1,,40.4,78.24,Partially cloudy
Camocim,Ceará,07-10-2020,86.2,74.7,80,,91.4,0,,18.5,,28,76.39,Partially cloudy
Camocim,Ceará,07-11-2020,88.2,76.3,81.6,,91.7,0,,13.1,,33.4,69.14,Partially cloudy
Camocim,Ceará,07-12-2020,85.9,76.9,80.2,,90.3,0,,14.8,,42.1,74.54,Partially cloudy
Camocim,Ceará,07/13/2020,86,73.2,79.8,,88.1,0,,16.1,,7.1,65.96,Clear
Camocim,Ceará,07/14/2020,88,72.9,79.9,,90.9,0,,15.3,,8.3,68.39,Clear
Camocim,Ceará,07/15/2020,86.6,74.6,80.2,,92.8,0,,14.2,27.7,24.3,74.84,Clear
Camocim,Ceará,07/16/2020,87.5,75,80.7,,89.9,0,,17.3,,36.7,70.14,Partially cloudy
Camocim,Ceará,07/17/2020,87.8,75,80.4,,90.9,0,,14.2,,20.3,69.53,Clear
Camocim,Ceará,07/18/2020,84.5,76.7,80.7,,88.6,0,,18.7,,55,72.78,Partially cloudy
Camocim,Ceará,07/19/2020,87.9,73.1,80.1,,91.1,0,,19.4,,22.6,68.16,Clear
Camocim,Ceará,07/20/2020,84.2,73.4,79,,88.4,0,,17.9,27.7,48.5,75.19,Partially cloudy
Camocim,Ceará,07/21/2020,84.5,73.3,78.8,,88.4,0,,17.2,,33.6,76.07,Partially cloudy
Camocim,Ceará,07/22/2020,86.3,71.3,79.9,,88.5,0,,17.7,,21.2,66.68,Clear
Camocim,Ceará,07/23/2020,87.4,77,81.5,,91,0,,15.3,,48.4,69.49,Partially cloudy
Camocim,Ceará,07/24/2020,87.9,76.7,81.3,,91.3,0,,14.5,,25.5,67.96,Partially cloudy
Camocim,Ceará,07/25/2020,89.8,74.7,80.7,,91.2,0,,16.3,,13.3,68.68,Clear
Camocim,Ceará,07/26/2020,88.1,75,80.1,,89.5,0,,17.5,,20.8,65.77,Clear
Camocim,Ceará,07/27/2020,86.1,73,79.3,,89.1,0,,20,,23.6,68.48,Clear
Camocim,Ceará,07/28/2020,86.1,73.3,80.1,,89.3,0,,18.4,,14.5,67.84,Clear
Camocim,Ceará,07/29/2020,86.1,74.5,80.2,,89.3,0,,17.5,,21.7,67.55,Clear
Camocim,Ceará,07/30/2020,88,75,80.4,,90.4,0,,19.7,,40.7,66.4,Partially cloudy
Camocim,Ceará,07/31/2020,86.2,73.3,79.9,,88.1,0,,18.9,,14.9,65.28,Clear
Juazeiro do Norte,Ceará,07-01-2020,89.4,66.5,77.7,,89,0,,7.6,,5.4,59.18,Clear
Juazeiro do Norte,Ceará,07-02-2020,89.9,60.9,76.6,,88.7,0,,5,,4.3,57.65,Clear
Juazeiro do Norte,Ceará,07-03-2020,89.6,64.7,76.7,,89.5,0,,7.6,,14.9,62.87,Clear
Juazeiro do Norte,Ceará,07-04-2020,89.3,63.8,77.6,,88.7,0,,8.9,,9.3,57.72,Clear
Juazeiro do Norte,Ceará,07-05-2020,87.8,69,78.7,,88.8,0,,13.7,,12.4,59.73,Clear
Juazeiro do Norte,Ceará,07-06-2020,82.4,69.4,75.7,,84.5,0,,10.4,,16.6,67.38,Clear
Juazeiro do Norte,Ceará,07-07-2020,86,65.6,76.4,,85.5,0,,12.2,,6.4,56.64,Clear
Juazeiro do Norte,Ceará,07-08-2020,91.5,63.6,79,,90.4,0,,5.4,,6.8,53.77,Clear
Juazeiro do Norte,Ceará,07-09-2020,89.7,63.8,77.5,,90.5,0,,10,23,11.6,60.76,Clear
Juazeiro do Norte,Ceará,07-10-2020,85.8,71.7,77.9,,87.9,0,,11.3,,23.3,64.88,Clear
Juazeiro do Norte,Ceará,07-11-2020,88.8,71,78.4,,88.1,0,,12.4,,9.7,55.17,Clear
Juazeiro do Norte,Ceará,07-12-2020,87.3,68.1,77.1,,88.9,0,,6.9,,23.8,65.19,Clear
Juazeiro do Norte,Ceará,07/13/2020,89,66.3,77.1,,87.8,0,,12.1,,4.2,56.44,Clear
Juazeiro do Norte,Ceará,07/14/2020,89.8,66.5,77.6,,88.8,0,,10.6,,8,59.12,Clear
Juazeiro do Norte,Ceará,07/15/2020,88.6,67.4,78.5,,88.6,0,,13.7,,15.1,57.75,Clear
Juazeiro do Norte,Ceará,07/16/2020,85.8,68.3,77.1,,87.1,0,,13.7,,12.1,62.85,Clear
Juazeiro do Norte,Ceará,07/17/2020,89.1,69.2,78.2,,85.8,0,,13.3,,1.1,45.54,Clear
Juazeiro do Norte,Ceará,07/18/2020,83.9,70.1,76.7,,84.6,0,,15.8,,23.8,59.52,Clear
Juazeiro do Norte,Ceará,07/19/2020,89,66.5,77.5,,88.3,0,,12.7,,7.7,56.79,Clear
Juazeiro do Norte,Ceará,07/20/2020,81.9,70.1,75.7,,83.8,0,,12.1,,26.8,63.9,Partially cloudy
Juazeiro do Norte,Ceará,07/21/2020,90.9,66.5,78.4,,88.1,0,,16.6,,5.7,49.35,Clear
Juazeiro do Norte,Ceará,07/22/2020,87.8,61.1,76.1,,86.4,0,,14.5,,8.3,54.46,Clear
Juazeiro do Norte,Ceará,07/23/2020,89.6,66.3,77.7,,87.9,0,,10.5,,12.9,51.02,Clear
Juazeiro do Norte,Ceará,07/24/2020,89.4,66.5,78.1,,86.6,0,,12,,4.2,46.99,Clear
Juazeiro do Norte,Ceará,07/25/2020,88.8,68.3,76.8,,87.2,0,,12.2,,5.8,55.86,Clear
Juazeiro do Norte,Ceará,07/26/2020,89.1,64.7,77,,86.6,0,,14.4,,2.3,50.1,Clear
Juazeiro do Norte,Ceará,07/27/2020,89.6,62.7,76.8,,88,0,,12.3,,8.2,54.39,Clear
Juazeiro do Norte,Ceará,07/28/2020,89.8,65.4,76.6,,86.9,0,,13.6,,2.2,50.96,Clear
Juazeiro do Norte,Ceará,07/29/2020,88.8,64.5,77.4,,88.3,0,,12.7,,16.4,60.14,Clear
Juazeiro do Norte,Ceará,07/30/2020,89,69.2,76.8,,88.5,0,,13.9,,14.5,54.36,Clear
Juazeiro do Norte,Ceará,07/31/2020,83.9,65.6,75.2,,84.8,0,,13.9,,15.5,60.42,Clear
Trindade,Goiás,07-01-2020,84.4,55.7,69.8,,83.5,0,,10.3,,14.6,67.12,Clear
Trindade,Goiás,07-02-2020,83.4,59.4,70.4,,82.6,0,,6.8,,7.3,68.22,Clear
Trindade,Goiás,07-03-2020,86.1,57,71.5,,83.5,0,,6.4,,5.6,59.13,Clear
Trindade,Goiás,07-04-2020,87.3,59.3,72.3,,85.4,0,,9,,7.7,55.51,Clear
Trindade,Goiás,07-05-2020,86.2,65.9,74.7,,84.1,0,,10.7,,8.5,52.39,Clear
Trindade,Goiás,07-06-2020,86.9,61.4,73.4,,84.1,0,,9.7,,0,50.25,Clear
Trindade,Goiás,07-07-2020,85.1,56.4,70.4,,82.8,0,,10.8,,0,57.16,Clear
Trindade,Goiás,07-08-2020,85.1,60.2,70.9,,83,0,,9.3,,3.6,59.64,Clear
Trindade,Goiás,07-09-2020,85,55.5,70.2,,83.2,0,,7.2,,5.4,60.63,Clear
Trindade,Goiás,07-10-2020,85,57,71.4,,82.2,0,,13.7,,0.9,50.38,Clear
Trindade,Goiás,07-11-2020,87.9,57.2,72.1,,85.1,0,,7,,12.5,55.09,Clear
Trindade,Goiás,07-12-2020,86.1,61.5,73.5,,84.4,0,,5.8,,10.4,56.14,Clear
Trindade,Goiás,07/13/2020,86.8,58.2,71.8,,84.3,0,,6.6,,1.7,60.97,Clear
Trindade,Goiás,07/14/2020,88.5,56.4,71.3,,85.4,0,,9.3,,2,56.79,Clear
Trindade,Goiás,07/15/2020,87.1,56.6,72.1,,84.1,0,,12.5,,2.9,52.07,Clear
Trindade,Goiás,07/16/2020,84.9,57.8,71.3,,82.2,0,,16.1,,0,46.7,Clear
Trindade,Goiás,07/17/2020,85.1,56.9,71.6,,82.6,0,,11,,2.6,47.66,Clear
Trindade,Goiás,07/18/2020,83,59,72.1,,81,0,,15,26.4,3.8,47.96,Clear
Trindade,Goiás,07/19/2020,81.4,58.5,69.7,,80.2,0,,16.4,,1.9,49.83,Clear
Trindade,Goiás,07/20/2020,84.3,58.5,71.6,,82.3,0,,13.9,21.9,0.7,49.87,Clear
Trindade,Goiás,07/21/2020,85,56.7,70.7,,82.9,0,,16.6,,0.8,54.42,Clear
Trindade,Goiás,07/22/2020,86.8,55.1,71.6,,84.4,0,,8.4,,0,54.88,Clear
Trindade,Goiás,07/23/2020,84.9,58.2,71.9,,82.6,0,,10.3,31.1,0,49.36,Clear
Trindade,Goiás,07/24/2020,85,56.6,71.7,,82.5,0,,15,,0.7,47.48,Clear
Trindade,Goiás,07/25/2020,85.8,58.2,72.2,,83.4,0,,7.2,,3.8,54.48,Clear
Trindade,Goiás,07/26/2020,84,58.7,71.6,,82.1,0,,13.3,23,0,50.83,Clear
Trindade,Goiás,07/27/2020,86.8,58.2,72.8,,85.1,0,,13.9,,11.5,53.28,Clear
Trindade,Goiás,07/28/2020,87.1,65.4,76.2,,84.5,0,,11.2,,6.8,47.68,Clear
Trindade,Goiás,07/29/2020,85.8,67.8,75.3,,83.1,0,,9,,13.9,49.48,Clear
Trindade,Goiás,07/30/2020,88.7,59.9,74.6,,85.3,0,,12.8,24.2,4.7,46.01,Clear
Trindade,Goiás,07/31/2020,85,59.4,72.7,,82.8,0,,16.8,31.1,5.6,44.09,Clear
Goiania,Goiás,07-01-2020,84.8,55.8,69.9,,83.6,0,,10.3,,16,66.17,Clear
Goiania,Goiás,07-02-2020,84.2,59.5,70.6,,83.3,0,,6.2,,9.4,67.32,Clear
Goiania,Goiás,07-03-2020,86.1,56.9,71.5,,83.5,0,,5.9,,8.3,58.79,Clear
Goiania,Goiás,07-04-2020,89.1,58.9,72.5,,87.2,0,,8.5,,10.6,54.83,Clear
Goiania,Goiás,07-05-2020,86.6,65.8,74.7,,84.3,0,,9.7,,11.1,52.12,Clear
Goiania,Goiás,07-06-2020,88.2,61.1,73.5,,85.1,0,,9.2,,0,49.99,Clear
Goiania,Goiás,07-07-2020,85.3,56.1,70.4,,83.2,0,,9.8,,0,56.89,Clear
Goiania,Goiás,07-08-2020,86.5,60.1,71.1,,84.1,0,,8.6,,3.1,58.86,Clear
Goiania,Goiás,07-09-2020,86.2,55.5,70.4,,84.3,0,,6.5,,7.2,59.92,Clear
Goiania,Goiás,07-10-2020,86.2,56.9,71.4,,83.2,0,,13,,1.5,50.35,Clear
Goiania,Goiás,07-11-2020,88.7,57.2,72.3,,86.8,0,,6.7,,12.5,54.5,Clear
Goiania,Goiás,07-12-2020,86.1,61.2,73.5,,84.3,0,,5.8,,11.8,55.69,Clear
Goiania,Goiás,07/13/2020,87.8,57.9,71.9,,85.1,0,,6.1,,2.1,59.92,Clear
Goiania,Goiás,07/14/2020,89.5,56.1,71.4,,86.2,0,,8.6,,1.8,56.38,Clear
Goiania,Goiás,07/15/2020,88.7,56.5,72,,85.4,0,,12,,3.9,51.73,Clear
Goiania,Goiás,07/16/2020,85.9,57.5,71.4,,82.9,0,,14.9,,0,46.12,Clear
Goiania,Goiás,07/17/2020,86.4,56.8,71.5,,83.5,0,,10.1,,3.6,47.58,Clear
Goiania,Goiás,07/18/2020,83.8,59,72.1,,81.4,0,,15,26.4,3.8,47.69,Clear
Goiania,Goiás,07/19/2020,82.5,58.3,69.7,,80.8,0,,15,,2.9,49.51,Clear
Goiania,Goiás,07/20/2020,84.3,58.3,71.5,,83.4,0,,13.2,,1.1,49.99,Clear
Goiania,Goiás,07/21/2020,86.2,56.5,70.8,,83.8,0,,15.3,,0.7,53.82,Clear
Goiania,Goiás,07/22/2020,87.9,55,71.4,,85.4,0,,7.9,,0,54.83,Clear
Goiania,Goiás,07/23/2020,85.9,57.9,71.8,,83.3,0,,9.5,31.1,0,49.01,Clear
Goiania,Goiás,07/24/2020,86.1,56.5,71.8,,83.3,0,,15,,1.1,46.97,Clear
Goiania,Goiás,07/25/2020,86.5,57.9,72.2,,84,0,,6.5,,4.4,54.09,Clear
Goiania,Goiás,07/26/2020,83.9,58.6,71.8,,81.9,0,,12.8,23,0,50.13,Clear
Goiania,Goiás,07/27/2020,87.8,57.9,72.9,,85.7,0,,13.9,,13.4,52.72,Clear
Goiania,Goiás,07/28/2020,88.6,65.1,76.3,,85.8,0,,10.4,,9.1,46.91,Clear
Goiania,Goiás,07/29/2020,85.4,67.7,75.3,,82.9,0,,8.2,,16.3,49.07,Clear
Goiania,Goiás,07/30/2020,89.9,59.7,74.7,,86.4,0,,12.8,24.2,6.8,45.58,Clear
Goiania,Goiás,07/31/2020,86,59.5,72.7,,83.4,0,,15.6,,4.7,44.04,Clear
Congonhas,Minas Gerais,07-01-2020,74.6,57.2,66.6,,,0,,19.4,,0.7,73.65,Clear
Congonhas,Minas Gerais,07-02-2020,77.2,60.1,67,,,0,,10.4,,1.3,71.35,Clear
Congonhas,Minas Gerais,07-03-2020,76.5,58.2,64.9,,,0,,7.6,,1.6,80.38,Clear
Congonhas,Minas Gerais,07-04-2020,66.4,57.6,61.2,,,0,,8.1,,0.7,92.19,Clear
Congonhas,Minas Gerais,07-05-2020,74,55.7,64.1,,,0,,8.6,,0.5,78.15,Clear
Congonhas,Minas Gerais,07-06-2020,76.5,54.8,64.7,,,0,,5.8,,0.3,70.24,Clear
Congonhas,Minas Gerais,07-07-2020,76.5,54.8,64.9,,,0,,8.5,,0.1,68.38,Clear
Congonhas,Minas Gerais,07-08-2020,75.8,58.3,66.4,,,0,,13.1,,0.7,59.76,Clear
Congonhas,Minas Gerais,07-09-2020,77.5,56.8,68.2,,,0,,8.7,,0.2,60.49,Clear
Congonhas,Minas Gerais,07-10-2020,72,57.6,63.1,,,0,,10.2,,1.2,83.05,Clear
Congonhas,Minas Gerais,07-11-2020,76.6,57.5,64.6,,,0,,8.4,,0.7,76.39,Clear
Congonhas,Minas Gerais,07-12-2020,77.5,54.7,65.2,,,0,,8.1,,0.1,72.34,Clear
Congonhas,Minas Gerais,07/13/2020,78.4,54.9,66.2,,,0,,6.2,,0,70.54,Clear
Congonhas,Minas Gerais,07/14/2020,81.2,55.8,68.4,,80.9,0,,7.4,,0.1,68.32,Clear
Congonhas,Minas Gerais,07/15/2020,73.8,60.3,65.1,,,0,,8.2,,0.2,86.3,Clear
Congonhas,Minas Gerais,07/16/2020,68,56.9,61.6,,,0,,9.5,,3,89,Clear
Congonhas,Minas Gerais,07/17/2020,74.8,52.3,62.2,,,0,,7.9,,1,80.16,Clear
Congonhas,Minas Gerais,07/18/2020,67.3,55.6,60.7,,,0,,6.6,,0.9,83.87,Clear
Congonhas,Minas Gerais,07/19/2020,72.6,53.1,62.1,,,0,,10.1,,0.4,71.99,Clear
Congonhas,Minas Gerais,07/20/2020,73.9,57,64.6,,,0,,10.5,,2.8,71.97,Clear
Congonhas,Minas Gerais,07/21/2020,79,59.6,67.7,,,0,,8.3,,1.8,64.05,Clear
Congonhas,Minas Gerais,07/22/2020,76.6,57.2,65.2,,,0,,7.7,,0.3,73.02,Clear
Congonhas,Minas Gerais,07/23/2020,75.7,58.1,64.8,,,0,,9.1,,0.1,67.52,Clear
Congonhas,Minas Gerais,07/24/2020,75.3,56.5,64.1,,,0,,14,,1.2,69.46,Clear
Congonhas,Minas Gerais,07/25/2020,77.2,58.1,65.2,,,0,,9.3,,0.5,72.04,Clear
Congonhas,Minas Gerais,07/26/2020,78,54.8,65.6,,,0,,13,,0.4,67.26,Clear
Congonhas,Minas Gerais,07/27/2020,73,59.3,65,,,0,,11.4,,5.3,76.17,Clear
Congonhas,Minas Gerais,07/28/2020,79.3,57.3,66.7,,,0,,9.4,,0.3,66.59,Clear
Congonhas,Minas Gerais,07/29/2020,76.1,57.3,66.6,,,0,,6.2,,0.7,72.03,Clear
Congonhas,Minas Gerais,07/30/2020,75.2,58.2,63.6,,,0,,12.1,,0.5,81.3,Clear
Congonhas,Minas Gerais,07/31/2020,64.6,55.3,59.2,,,0,,8.9,,3.3,86.51,Clear
Ouro Preto,Minas Gerais,07-01-2020,75.4,58.9,66.6,,,0,,18.3,,2.8,74.41,Clear
Ouro Preto,Minas Gerais,07-02-2020,77.5,60.3,67.3,,,0,,9.8,,5.3,72.26,Clear
Ouro Preto,Minas Gerais,07-03-2020,77.4,58.1,65.4,,,0,,7.6,,7.1,79.07,Clear
Ouro Preto,Minas Gerais,07-04-2020,69.5,57.9,62.5,,,0,,7.6,,2.8,87.53,Clear
Ouro Preto,Minas Gerais,07-05-2020,75,56.1,64.6,,,0,,10.2,,2.1,77.16,Clear
Ouro Preto,Minas Gerais,07-06-2020,77.8,54.9,65.3,,,0,,5.8,,1.2,69.6,Clear
Ouro Preto,Minas Gerais,07-07-2020,77,54.5,64.9,,,0,,10.3,,0.3,68.21,Clear
Ouro Preto,Minas Gerais,07-08-2020,76.8,57.1,66.3,,,0,,12.7,,2.8,60.36,Clear
Ouro Preto,Minas Gerais,07-09-2020,78.2,56.6,68.4,,,0,,9.3,,1,60.47,Clear
Ouro Preto,Minas Gerais,07-10-2020,73.1,57.9,63.9,,,0,,10.9,,4.8,80.1,Clear
Ouro Preto,Minas Gerais,07-11-2020,77.5,58.2,65.3,,,0,,8.7,,2.9,74.02,Clear
Ouro Preto,Minas Gerais,07-12-2020,78.2,54.8,65.4,,,0,,8.3,,0.6,71.78,Clear
Ouro Preto,Minas Gerais,07/13/2020,79.3,55,66.5,,,0,,6.1,,0,69.41,Clear
Ouro Preto,Minas Gerais,07/14/2020,82.2,55,68.6,,81.5,0,,6.4,,0.3,67.76,Clear
Ouro Preto,Minas Gerais,07/15/2020,74.9,61.1,66.1,,,0,,9.7,,0.8,81.34,Clear
Ouro Preto,Minas Gerais,07/16/2020,70.3,58.1,62.9,,,0,,9.9,,6.2,84.12,Clear
Ouro Preto,Minas Gerais,07/17/2020,76.1,52.9,63.2,,,0,,8.1,,4.2,77.08,Clear
Ouro Preto,Minas Gerais,07/18/2020,68.1,55.7,61.2,,,0,,9.2,,3.9,81.75,Clear
Ouro Preto,Minas Gerais,07/19/2020,72.8,53.6,62.4,,,0,,10.6,,1.8,71.06,Clear
Ouro Preto,Minas Gerais,07/20/2020,74.6,58.2,65.1,,,0,,9.4,,12.4,70.96,Clear
Ouro Preto,Minas Gerais,07/21/2020,79.3,59.2,68.2,,,0,,7.8,,7.8,63.56,Clear
Ouro Preto,Minas Gerais,07/22/2020,77.9,56.8,65.7,,,0,,7.3,,1.4,71.87,Clear
Ouro Preto,Minas Gerais,07/23/2020,76.4,57.1,64.9,,,0,,9.6,,0.6,67.32,Clear
Ouro Preto,Minas Gerais,07/24/2020,75.3,55.7,64.3,,,0,,14.5,,5,69.18,Clear
Ouro Preto,Minas Gerais,07/25/2020,77,57.7,65.6,,,0,,8.3,,2.3,71.22,Clear
Ouro Preto,Minas Gerais,07/26/2020,78.2,54.9,65.9,,,0,,13.2,,1.9,67.04,Clear
Ouro Preto,Minas Gerais,07/27/2020,73.9,59.7,65.5,,,0,,11.4,,10.6,75.18,Clear
Ouro Preto,Minas Gerais,07/28/2020,80,56.7,67,,,0,,8.9,,1.2,66.33,Clear
Ouro Preto,Minas Gerais,07/29/2020,78.3,57.3,67.5,,,0,,6.1,,3.1,68.41,Clear
Ouro Preto,Minas Gerais,07/30/2020,75.2,57.8,64.8,,,0,,12,,2.3,78.45,Clear
Ouro Preto,Minas Gerais,07/31/2020,67.3,56.2,60.9,,,0,,8.7,,6.6,81.73,Clear
Belem,Pará,07-01-2020,88.8,75.5,82,,98.1,0,,7.4,,37.8,79.51,Partially cloudy
Belem,Pará,07-02-2020,91.2,77,82.9,,101.3,0,,7.9,,23.1,77.34,Clear
Belem,Pará,07-03-2020,90.2,76.8,82.2,,101.3,0,,9.5,,34.4,78.9,Partially cloudy
Belem,Pará,07-04-2020,89.6,75,81.9,,98.5,0,,10.7,,33.8,78.65,Partially cloudy
Belem,Pará,07-05-2020,90,75,80.1,,99,0,,15.8,,26.4,83.06,Partially cloudy
Belem,Pará,07-06-2020,91.2,75,81.4,,98.3,0,,8.3,,27.7,80.27,Partially cloudy
Belem,Pará,07-07-2020,87.9,75,78.5,,97.9,0,,8.7,,31.7,86.36,Partially cloudy
Belem,Pará,07-08-2020,89.9,74.7,81.5,,97.4,0,,7.1,,12.5,78.11,Clear
Belem,Pará,07-09-2020,89.7,72.9,81.6,,98.5,0,,19.7,,34.7,78.85,Partially cloudy
Belem,Pará,07-10-2020,89.9,73.4,80.2,,99.7,0,,9.8,,27.2,80.01,Partially cloudy
Belem,Pará,07-11-2020,88.4,73.8,79.2,,95.8,0,,10.7,,23.4,83.34,Clear
Belem,Pará,07-12-2020,89.6,75.2,81.8,,97.7,0,,8.6,,21,79.74,Clear
Belem,Pará,07/13/2020,91.2,75.2,82.6,,98.6,0,,7.9,,20.5,76.65,Clear
Belem,Pará,07/14/2020,91.1,73.4,81.6,,98.8,0,,10.4,,26.3,76.56,Partially cloudy
Belem,Pará,07/15/2020,88.4,75.3,80.1,,99,0,,8.4,,26.2,81.16,Partially cloudy
Belem,Pará,07/16/2020,90.9,74.7,80.6,,99.6,0,,8,,22.5,80.06,Clear
Belem,Pará,07/17/2020,89.7,74.9,81.9,,99.2,0,,11.7,,20,75.97,Clear
Belem,Pará,07/18/2020,90.8,74.6,81.8,,96.5,0,,9.6,,25,75.25,Clear
Belem,Pará,07/19/2020,89.7,75.3,82.2,,96,0,,12.6,,22.1,73.81,Clear
Belem,Pará,07/20/2020,89.1,73.4,79.6,,96,0,,11.6,,34.9,82.19,Partially cloudy
Belem,Pará,07/21/2020,89.4,73.4,78.8,,98,0,,8.3,,27.6,84.09,Partially cloudy
Belem,Pará,07/22/2020,89.7,75.2,80.2,,97.6,0,,6.9,,16.5,80.66,Clear
Belem,Pará,07/23/2020,89.7,76.4,82.2,,95.8,0,,10.6,,16.9,73.38,Clear
Belem,Pará,07/24/2020,90.5,76.7,81.9,,98,0,,9.5,,24.3,76.55,Clear
Belem,Pará,07/25/2020,91.2,75.2,82.5,,96.1,0,,10.2,,19.5,73.03,Clear
Belem,Pará,07/26/2020,91.2,76.4,83.2,,96,0,,7.7,,17.6,70.2,Clear
Belem,Pará,07/27/2020,91.1,76.5,82.7,,94.3,0,,11.1,,3,68.36,Clear
Belem,Pará,07/28/2020,89.9,73.5,81.8,,93.2,0,,10.4,,18,72.6,Clear
Belem,Pará,07/29/2020,89.1,75.2,82.4,,95.1,0,,9.1,,6.4,73.77,Clear
Belem,Pará,07/30/2020,90.2,76.5,82.6,,97.2,0,,7.7,,15.6,73.53,Clear
Belem,Pará,07/31/2020,91.5,76.5,83.5,,99.9,0,,13.6,,12.6,72.14,Clear
Santarém,Pará,07-01-2020,86,77,81.6,,97.2,0,,15,,39.9,84.07,Partially cloudy
Santarém,Pará,07-02-2020,87.8,73.4,81.1,,99.9,0,,11.4,,11.5,85.64,Clear
Santarém,Pará,07-03-2020,87.8,75.2,80.7,,102.3,0,,13.9,,20.2,86.33,Clear
Santarém,Pará,07-04-2020,87.8,71.6,79.6,,99.9,0.16,,11.4,,20.7,88.04,"Rain, Clear"
Santarém,Pará,07-05-2020,87.8,73.4,80.6,,99.9,0.08,,12.8,,17.6,86.91,"Rain, Clear"
Santarém,Pará,07-06-2020,87.8,73.4,80.4,,99.4,0,,13.9,,25.8,85.89,Partially cloudy
Santarém,Pará,07-07-2020,86,71.6,79.2,,99.4,0,,17.2,,26.7,89.04,Partially cloudy
Santarém,Pará,07-08-2020,87.8,73.4,79.7,,99.9,0,,11.4,,21.3,87.84,Clear
Santarém,Pará,07-09-2020,89.6,73.4,78.6,,102.6,0,,9.2,,29,88.77,Partially cloudy
Santarém,Pará,07-10-2020,87.8,73.4,80.1,,99.9,0,,12.8,,23.6,86.41,Clear
Santarém,Pará,07-11-2020,87.8,75.2,81.3,,97.8,0.12,,13.9,,29.4,81.69,"Rain, Partially cloudy"
Santarém,Pará,07-12-2020,87.8,71.6,79.6,,97.7,0.12,,13.9,,17.8,84.83,"Rain, Clear"
Santarém,Pará,07/13/2020,87.8,71.6,79.9,,99.9,0,,9.2,,20.5,87.24,Clear
Santarém,Pará,07/14/2020,87.8,73.4,79.4,,102.3,0.94,,9.2,,25.7,86.83,"Rain, Partially cloudy"
Santarém,Pará,07/15/2020,89.6,71.6,80.2,,102.5,0,,12.4,,15,84.94,Clear
Santarém,Pará,07/16/2020,89.6,73.4,81,,100.3,0,,13.9,,21,84.12,Clear
Santarém,Pará,07/17/2020,89.6,75.2,81.6,,100.4,0,,13.9,,15.5,83.29,Clear
Santarém,Pará,07/18/2020,87.8,73.4,80.4,,99.9,0,,13.9,,14.9,85.22,Clear
Santarém,Pará,07/19/2020,89.6,73.4,80.7,,102.5,0,,17.2,,14.5,83.2,Clear
Santarém,Pará,07/20/2020,89.6,73.4,81,,102.5,0,,12.8,,29.3,83.43,Partially cloudy
Santarém,Pará,07/21/2020,86.1,75.2,79.7,,97.1,0.59,,9.2,,25.3,88.38,"Rain, Partially cloudy"
Santarém,Pará,07/22/2020,86,75.2,79.8,,95.3,0.16,,8.1,,32.4,86.78,"Rain, Partially cloudy"
Santarém,Pará,07/23/2020,89.6,73.4,80.8,,100.2,0,,13.9,,25.7,84.81,Partially cloudy
Santarém,Pará,07/24/2020,89.6,73.4,80.6,,100.2,0,,12.8,,28.1,85.92,Partially cloudy
Santarém,Pará,07/25/2020,87.8,73.4,80.2,,100.1,0,,11.4,,22.6,86.86,Clear
Santarém,Pará,07/26/2020,89.6,73.4,81.2,,102.7,0,,11.4,,13.9,84.41,Clear
Santarém,Pará,07/27/2020,91.4,73.4,82.2,,102.9,0,,11.4,,8.5,79.96,Clear
Santarém,Pará,07/28/2020,91.4,69.8,80.4,,100.5,0,,12.8,,9.2,78.63,Clear
Santarém,Pará,07/29/2020,91.4,71.6,80.6,,97,0,,11.4,,8.6,75.02,Clear
Santarém,Pará,07/30/2020,89.6,71.6,79.3,,102.5,0,,6.9,,18.9,83.82,Clear
Santarém,Pará,07/31/2020,93.5,80,86.7,,112.8,0,,2.2,,70,79.66,Partially cloudy
Curitiba,Paraná,07-01-2020,55.4,46.3,51.3,39.1,,0,,19.7,31.1,46.3,72.48,Partially cloudy
Curitiba,Paraná,07-02-2020,58.9,39.1,47,35.8,,0,,11.4,,13.1,76.14,Clear
Curitiba,Paraná,07-03-2020,58.9,41,47.7,36.5,,0,,11.3,,57.7,81.82,Partially cloudy
Curitiba,Paraná,07-04-2020,67.9,41,53.5,37.9,,0,,15,,28,75.16,Partially cloudy
Curitiba,Paraná,07-05-2020,73.3,44.6,59.2,44.2,,0,,25.2,25.3,19.4,76.56,Clear
Curitiba,Paraná,07-06-2020,64.3,55.3,59.5,,,0,,8,,37.4,90.25,Partially cloudy
Curitiba,Paraná,07-07-2020,73.3,55.4,62.5,,,0,,20.7,32.2,39.3,83.75,Partially cloudy
Curitiba,Paraná,07-08-2020,69.7,55.4,63,,,0,,17.2,34.4,31.5,71.05,Partially cloudy
Curitiba,Paraná,07-09-2020,60.7,42.8,51.3,41.3,,0,,10.3,,3.4,72.06,Clear
Curitiba,Paraná,07-10-2020,69.7,35.6,51.7,32.9,,0,,12.7,,0,72.01,Clear
Curitiba,Paraná,07-11-2020,73.4,46.4,59.9,45.3,,0,,20.8,,4.3,75.53,Clear
Curitiba,Paraná,07-12-2020,76.9,53.6,66.4,,,0,,17.2,30,18.6,66.5,Clear
Curitiba,Paraná,07/13/2020,76.9,57.2,66.9,,,0,,13.9,,46.2,75.78,Partially cloudy
Curitiba,Paraná,07/14/2020,69.7,50,58,48.4,,0,,9.1,,66.5,80.88,Partially cloudy
Curitiba,Paraná,07/15/2020,60.7,49.9,53.3,47.1,,0,,11.4,,62,79.82,Partially cloudy
Curitiba,Paraná,07/16/2020,64.3,48.1,54.2,44.5,,0,,13.8,,66.1,82.01,Partially cloudy
Curitiba,Paraná,07/17/2020,69.7,53.6,60.3,,,0,,12.8,,53.1,86.91,Partially cloudy
Curitiba,Paraná,07/18/2020,75.2,51.8,62.9,,,0,,11.4,,24,82.87,Clear
Curitiba,Paraná,07/19/2020,73.3,55.4,62.5,,,0,,14.9,,40.7,81.34,Partially cloudy
Curitiba,Paraná,07/20/2020,71.5,49.9,60.5,,,0,,20.7,,32.9,78.2,Partially cloudy
Curitiba,Paraná,07/21/2020,75.1,48.2,61.4,47.3,,0,,9.2,20.8,0.2,72.64,Clear
Curitiba,Paraná,07/22/2020,75.2,48.2,61.9,,,0,,12.7,,0,72.33,Clear
Curitiba,Paraná,07/23/2020,78.7,48.2,61.9,,,0,,9.2,,3.1,73.79,Clear
Curitiba,Paraná,07/24/2020,75.2,50,63.1,49.4,,0,,13.9,25.3,9.8,69.83,Clear
Curitiba,Paraná,07/25/2020,73.3,55.3,63.1,,,0,,20.8,32.2,18.7,64.86,Clear
Curitiba,Paraná,07/26/2020,60.7,53.5,55.6,,,0,,10.3,,93.8,87.68,Overcast
Curitiba,Paraná,07/27/2020,75.1,51.7,62.4,,,0,,15,,37.8,77.23,Partially cloudy
Curitiba,Paraná,07/28/2020,78.7,53.6,64.6,,,0,,18.3,34.4,21.9,73.26,Clear
Curitiba,Paraná,07/29/2020,53.6,44.6,49.5,39.2,,0,,17.2,,86.6,95.15,Overcast
Curitiba,Paraná,07/30/2020,53.5,42.8,48.4,38.8,,0,,14.9,,91.5,90.52,Overcast
Curitiba,Paraná,07/31/2020,60.7,49.9,54.2,46.7,,0,,17.2,,82.8,89.46,Overcast
Londrina,Paraná,07-01-2020,64.5,49.1,57.5,,,0.16,,12.7,,8.9,71.93,"Rain, Clear"
Londrina,Paraná,07-02-2020,68,42.9,54.8,42.2,,0,,6.9,,0,68.67,Clear
Londrina,Paraná,07-03-2020,69.8,47.4,57.2,46,,0,,6.9,,0,66.02,Clear
Londrina,Paraná,07-04-2020,71.6,47.5,60,43.4,,0,,9.7,,0,68.63,Clear
Londrina,Paraná,07-05-2020,75.2,59,67,,,0,,9.2,,21.4,68.46,Clear
Londrina,Paraná,07-06-2020,77,64.4,70.7,,,0,,5.8,,29.9,72.01,Partially cloudy
Londrina,Paraná,07-07-2020,84.2,66.2,73.7,,84.2,0.03,,11.5,,0.7,65.27,"Rain, Clear"
Londrina,Paraná,07-08-2020,69.8,55.2,64.7,,,0,,11.4,,34.6,74.96,Partially cloudy
Londrina,Paraná,07-09-2020,73.4,47.6,59.4,45.5,,0,,10.3,,0.4,66.19,Clear
Londrina,Paraná,07-10-2020,76.6,52.5,63.7,,,0,,9.4,,1.6,57.46,Clear
Londrina,Paraná,07-11-2020,82.4,60.4,71.1,,82.1,0,,11.4,,0.8,59.31,Clear
Londrina,Paraná,07-12-2020,86,60.6,73.7,,84.5,0,,12.7,,9.7,54.44,Clear
Londrina,Paraná,07/13/2020,86,63.4,75.1,,86,0,,11.4,,12,61.37,Clear
Londrina,Paraná,07/14/2020,82.4,67.4,72.9,,82.1,0,,8,,11,66.71,Clear
Londrina,Paraná,07/15/2020,73.4,57.2,65.4,,,0,,12.3,,9.4,72.98,Clear
Londrina,Paraná,07/16/2020,75.2,54.6,64.9,,,0,,15.4,,0,68.41,Clear
Londrina,Paraná,07/17/2020,82.4,60.8,71.3,,82.9,0,,6.9,,5,66.59,Clear
Londrina,Paraná,07/18/2020,84.2,64.4,74,,83.1,0,,11.4,,7.8,57.8,Clear
Londrina,Paraná,07/19/2020,80.6,65.6,71.7,,80.5,0,,13.9,,6,58.38,Clear
Londrina,Paraná,07/20/2020,80.6,60.8,70.4,,80.1,0,,8,,0,52.22,Clear
Londrina,Paraná,07/21/2020,82.4,60.8,71.8,,81.5,0,,9.3,,0.8,49.23,Clear
Londrina,Paraná,07/22/2020,84.2,60.9,72.5,,82.8,0,,8,,0.7,49.23,Clear
Londrina,Paraná,07/23/2020,84.2,62.6,73.3,,83.1,0,,9.2,,0,48.7,Clear
Londrina,Paraná,07/24/2020,84.2,62.4,73.2,,82.1,0,,13.9,,0,46.14,Clear
Londrina,Paraná,07/25/2020,80.6,58.2,69.4,,80.8,0,,12.7,,1.4,57.53,Clear
Londrina,Paraná,07/26/2020,77,55.5,65.5,,,0,,8.9,,1.6,71.3,Clear
Londrina,Paraná,07/27/2020,82.4,61.6,71.3,,82.5,0,,11,,7,62.23,Clear
Londrina,Paraná,07/28/2020,87.5,64.4,75,,85.9,0,,16.1,,8.8,52.05,Clear
Londrina,Paraná,07/29/2020,71.6,57.7,65.3,,,0.2,,12.7,,41.1,85.65,"Rain, Partially cloudy"
Londrina,Paraná,07/30/2020,71.6,52.7,61.3,,,0,,12.7,,11.4,77.68,Clear
Londrina,Paraná,07/31/2020,76.8,56,65.6,,,0,,16.5,,2,66.87,Clear
Olinda,Pernambuco,07-01-2020,83.1,72.3,76.9,,86.9,0,,13.9,,27.9,77.9,Partially cloudy
Olinda,Pernambuco,07-02-2020,83.8,71.9,77.5,,89.2,0,,9.2,,25.1,80.73,Partially cloudy
Olinda,Pernambuco,07-03-2020,83.8,72.7,77,,89.5,0,,12.8,,27.6,82.42,Partially cloudy
Olinda,Pernambuco,07-04-2020,83.8,69.7,76.6,,87.8,0,,15,,22.7,77.73,Clear
Olinda,Pernambuco,07-05-2020,80.6,72.6,76.3,,86.1,0,,16.1,,38.4,87.94,Partially cloudy
Olinda,Pernambuco,07-06-2020,81.7,72.6,77.4,,85.3,0,,18.3,,33.5,79.16,Partially cloudy
Olinda,Pernambuco,07-07-2020,82.8,70.1,75.9,,86.4,0,,17.2,,26.1,79.61,Partially cloudy
Olinda,Pernambuco,07-08-2020,84.6,71.3,77.1,,89.8,0,,10.3,,30.5,82.71,Partially cloudy
Olinda,Pernambuco,07-09-2020,83.1,74.1,78.7,,89.1,0,,11.4,,38.4,81.79,Partially cloudy
Olinda,Pernambuco,07-10-2020,84.2,74.1,78.9,,90.3,0,,16.1,,38.1,78.69,Partially cloudy
Olinda,Pernambuco,07-11-2020,83.5,72.3,75.1,,87.2,0,,19.7,,29.8,85.7,Partially cloudy
Olinda,Pernambuco,07-12-2020,83.9,72.3,78.1,,86.9,0,,15,,31.9,72.53,Partially cloudy
Olinda,Pernambuco,07/13/2020,84.6,68.7,77.2,,87.5,0,,11.4,,26.5,76.3,Partially cloudy
Olinda,Pernambuco,07/14/2020,83.8,70.8,76.7,,87.5,0,,13.9,,23.4,79.96,Clear
Olinda,Pernambuco,07/15/2020,82.8,71.9,77.1,,87.2,0,,15,,31.2,79.67,Partially cloudy
Olinda,Pernambuco,07/16/2020,83.1,73,77.2,,87.8,0,,17.2,,32.5,79.55,Partially cloudy
Olinda,Pernambuco,07/17/2020,80.7,69.4,73.7,,85.1,0,,19.7,,37.4,89.45,Partially cloudy
Olinda,Pernambuco,07/18/2020,82,72.7,76.9,,85.3,0,,19.7,,40.3,76.23,Partially cloudy
Olinda,Pernambuco,07/19/2020,82.4,70.5,76.2,,87.5,0,,13.9,,34,83.16,Partially cloudy
Olinda,Pernambuco,07/20/2020,82.7,73,78.2,,86.6,0,,20.8,,29.2,74.57,Partially cloudy
Olinda,Pernambuco,07/21/2020,83.5,70.1,77.3,,85.6,0,,16.1,,28.7,71.45,Partially cloudy
Olinda,Pernambuco,07/22/2020,83.8,72.3,78.3,,86.3,0,,15,,24.3,66.03,Clear
Olinda,Pernambuco,07/23/2020,83.5,70.5,76.2,,86.5,0,,16.1,,26.6,77.99,Partially cloudy
Olinda,Pernambuco,07/24/2020,83.1,70.1,75.9,,86.2,0,,16.1,,32.7,77.81,Partially cloudy
Olinda,Pernambuco,07/25/2020,82,72.3,77.6,,85.1,0,,17.2,20.8,30.6,74.28,Partially cloudy
Olinda,Pernambuco,07/26/2020,81.3,72.7,76.7,,85.2,0,,18.3,31.1,35.6,77.56,Partially cloudy
Olinda,Pernambuco,07/27/2020,82.3,71.6,78.5,,85.6,0,,16.1,,40.9,71.68,Partially cloudy
Olinda,Pernambuco,07/28/2020,83.9,73.7,79,,87,0,,13.9,,29.7,69.43,Partially cloudy
Olinda,Pernambuco,07/29/2020,81.3,72.3,76.4,,85.6,0,,17.2,,37.9,82.1,Partially cloudy
Olinda,Pernambuco,07/30/2020,82.5,70.5,76.5,,84.1,0,,20.8,,37,71.34,Partially cloudy
Olinda,Pernambuco,07/31/2020,82.1,70.5,76.2,,86.3,0,,16.1,,30.8,80.87,Partially cloudy
Recife,Pernambuco,07-01-2020,83.3,72.5,77.1,,87.2,0,,13.9,,30.4,77.8,Partially cloudy
Recife,Pernambuco,07-02-2020,83.9,72.1,77.6,,89.4,0,,9.2,,27.2,80.7,Partially cloudy
Recife,Pernambuco,07-03-2020,83.9,72.8,77.1,,89.7,0,,12.8,,30.1,82.33,Partially cloudy
Recife,Pernambuco,07-04-2020,83.9,70,76.7,,88,0,,15,,24.8,77.66,Clear
Recife,Pernambuco,07-05-2020,80.6,72.7,76.3,,86.1,0,,16.1,,41.7,87.88,Partially cloudy
Recife,Pernambuco,07-06-2020,81.8,72.7,77.5,,85.5,0,,18.3,,36.4,78.93,Partially cloudy
Recife,Pernambuco,07-07-2020,82.8,70.3,76,,86.5,0,,17.2,,28.3,79.58,Partially cloudy
Recife,Pernambuco,07-08-2020,84.6,71.4,77.1,,89.8,0,,10.3,,32.8,82.73,Partially cloudy
Recife,Pernambuco,07-09-2020,83.3,74.2,78.8,,89.4,0,,11.4,,41.8,81.43,Partially cloudy
Recife,Pernambuco,07-10-2020,84.2,74.3,79,,90.4,0,,16.1,,41.6,78.47,Partially cloudy
Recife,Pernambuco,07-11-2020,83.6,72.5,75.2,,87.4,0,,19.7,,32.5,85.7,Partially cloudy
Recife,Pernambuco,07-12-2020,84,72.5,78.3,,87.1,0,,15,,34.7,72.04,Partially cloudy
Recife,Pernambuco,07/13/2020,84.6,68.9,77.3,,87.5,0,,11.4,,28.9,76.02,Partially cloudy
Recife,Pernambuco,07/14/2020,83.9,70.9,76.8,,87.6,0,,13.9,,25.5,79.84,Partially cloudy
Recife,Pernambuco,07/15/2020,82.8,72.1,77.2,,87.2,0,,15,,34.1,79.55,Partially cloudy
Recife,Pernambuco,07/16/2020,83.3,73.1,77.4,,88,0,,17.2,,35.4,79.4,Partially cloudy
Recife,Pernambuco,07/17/2020,80.7,69.5,73.7,,85.2,0,,19.7,,40.6,89.53,Partially cloudy
Recife,Pernambuco,07/18/2020,82.1,72.8,77.1,,85.4,0,,19.7,,43.9,75.97,Partially cloudy
Recife,Pernambuco,07/19/2020,82.4,70.7,76.3,,87.6,0,,13.9,,37.1,83.08,Partially cloudy
Recife,Pernambuco,07/20/2020,82.9,73.1,78.3,,86.7,0,,20.8,,31.7,74.31,Partially cloudy
Recife,Pernambuco,07/21/2020,83.6,70.3,77.5,,85.7,0,,16.1,,31.3,71.11,Partially cloudy
Recife,Pernambuco,07/22/2020,83.9,72.4,78.4,,86.4,0,,15,,26.3,65.75,Partially cloudy
Recife,Pernambuco,07/23/2020,83.6,70.7,76.3,,86.7,0,,16.1,,29.2,77.9,Partially cloudy
Recife,Pernambuco,07/24/2020,83.3,70.3,76,,86.5,0,,16.1,,35.7,77.56,Partially cloudy
Recife,Pernambuco,07/25/2020,82.1,72.5,77.7,,85.2,0,,17.2,20.8,33.6,74.11,Partially cloudy
Recife,Pernambuco,07/26/2020,81.5,72.8,76.8,,85.4,0,,18.3,31.1,38.8,77.31,Partially cloudy
Recife,Pernambuco,07/27/2020,82.4,71.6,78.6,,85.9,0,,16.1,,44.5,71.54,Partially cloudy
Recife,Pernambuco,07/28/2020,84,73.9,79.1,,87,0,,13.9,,32.4,69.35,Partially cloudy
Recife,Pernambuco,07/29/2020,81.5,72.4,76.5,,85.6,0,,17.2,,41.4,82,Partially cloudy
Recife,Pernambuco,07/30/2020,82.5,70.7,76.6,,84.2,0,,20.8,,40.1,71.25,Partially cloudy
Recife,Pernambuco,07/31/2020,82.2,70.6,76.3,,86.4,0,,16.1,,33.8,80.85,Partially cloudy
Blumenau,Santa Catarina,07-01-2020,65.1,51.6,58.7,,,0,,22,40.3,3.6,64.24,Clear
Blumenau,Santa Catarina,07-02-2020,61.3,48.3,54.6,46.2,,0,,9.7,,6.9,73.64,Clear
Blumenau,Santa Catarina,07-03-2020,62.8,45.7,52.3,43.4,,0,,8.9,,2.1,77.38,Clear
Blumenau,Santa Catarina,07-04-2020,65.1,47,55.3,45.4,,0,,11.3,,6.8,80.9,Clear
Blumenau,Santa Catarina,07-05-2020,72.6,54.1,62.4,,,0,,8.6,,4.6,82.28,Clear
Blumenau,Santa Catarina,07-06-2020,64.3,58.2,61.5,,,0,,4.6,,11.8,93.59,Clear
Blumenau,Santa Catarina,07-07-2020,63.5,57.5,60.1,,,0,,2.5,,9.7,94.8,Clear
Blumenau,Santa Catarina,07-08-2020,69,60.1,63.1,,,0,,11.1,34.4,6.8,89.53,Clear
Blumenau,Santa Catarina,07-09-2020,66.9,49.4,58.3,48.9,,0,,12.2,,0,68.64,Clear
Blumenau,Santa Catarina,07-10-2020,67,44.8,54.4,42.5,,0,,6.8,,4.2,84.76,Clear
Blumenau,Santa Catarina,07-11-2020,67.9,54.8,61.1,,,0,,9.3,,6.5,88.95,Clear
Blumenau,Santa Catarina,07-12-2020,74,59.5,65.6,,,0,,5.6,,9,89.18,Clear
Blumenau,Santa Catarina,07/13/2020,65.1,59,62.6,,,0,,6.5,,12.4,93.93,Clear
Blumenau,Santa Catarina,07/14/2020,66,56.6,59.4,,,0,,5.4,,7.1,84.1,Clear
Blumenau,Santa Catarina,07/15/2020,64.6,51.2,56.5,,,0,,7.4,,8.6,81.12,Clear
Blumenau,Santa Catarina,07/16/2020,60.5,46.5,55.3,45.2,,0,,5.8,,9.5,86.12,Clear
Blumenau,Santa Catarina,07/17/2020,69.3,56.6,62.1,,,0,,6,,6.2,88.78,Clear
Blumenau,Santa Catarina,07/18/2020,68,61.3,64.2,,,0,,3.1,,10.5,91.59,Clear
Blumenau,Santa Catarina,07/19/2020,74.1,62,66.8,,,0,,5.7,,5.7,88.47,Clear
Blumenau,Santa Catarina,07/20/2020,77.6,61.5,66.9,,,0,,7.4,,4.6,87.05,Clear
Blumenau,Santa Catarina,07/21/2020,82.2,58.2,66.7,,83.2,0,,9.8,,2.8,82.11,Clear
Blumenau,Santa Catarina,07/22/2020,80.9,58.8,66.7,,82.3,0,,8.1,,3.4,82.49,Clear
Blumenau,Santa Catarina,07/23/2020,77.2,57.6,65.5,,,0,,8.8,,3.5,84.08,Clear
Blumenau,Santa Catarina,07/24/2020,72.1,61.1,65.4,,,0,,5.4,,9.7,88.13,Clear
Blumenau,Santa Catarina,07/25/2020,69.3,55.7,62.7,,,0,,14.8,,7.9,81.11,Clear
Blumenau,Santa Catarina,07/26/2020,58.8,49.5,55,48.4,,0,,6.4,,11,85.19,Clear
Blumenau,Santa Catarina,07/27/2020,70.7,56,62.2,,,0,,15,,3.5,85.38,Clear
Blumenau,Santa Catarina,07/28/2020,70.4,58.7,62.6,,,0,,10.1,21.9,11.8,90.59,Clear
Blumenau,Santa Catarina,07/29/2020,57.8,52.8,54.7,,,0,,4.2,,17.1,88.82,Clear
Blumenau,Santa Catarina,07/30/2020,61.3,50.6,55.6,,,0,,9.2,,8.7,81.64,Clear
Blumenau,Santa Catarina,07/31/2020,64.4,54.4,58.9,,,0,,4.7,,9.7,90.18,Clear
Joinville,Santa Catarina,07-01-2020,69.8,52.4,61,,,0,,25.8,46.1,12.4,59.49,Clear
Joinville,Santa Catarina,07-02-2020,64.7,40.6,53.6,40.9,,0,,8.5,,17.8,74.84,Clear
Joinville,Santa Catarina,07-03-2020,62.7,42.9,52.8,49.4,,0,,8,,16.2,81.6,Clear
Joinville,Santa Catarina,07-04-2020,69.7,43,56.4,,,0,,8,,14.8,84.47,Clear
Joinville,Santa Catarina,07-05-2020,71.6,49.4,61.6,,,0,,7.1,,9.9,88.09,Clear
Joinville,Santa Catarina,07-06-2020,66.3,58.5,62,,,0,,5.9,,30.8,93.12,Partially cloudy
Joinville,Santa Catarina,07-07-2020,64.6,57.5,60.7,,,0,,3.2,,40.4,95.89,Partially cloudy
Joinville,Santa Catarina,07-08-2020,74.8,59.7,65.2,,,0,,12.1,17.2,36.3,86.46,Partially cloudy
Joinville,Santa Catarina,07-09-2020,68.1,47,59.1,,,0,,15.1,,0,70.75,Clear
Joinville,Santa Catarina,07-10-2020,69.7,40.4,54.9,39.5,,0,,9.1,,9.8,84.17,Clear
Joinville,Santa Catarina,07-11-2020,71.5,51.2,60.4,,,0,,10,,10.5,88.29,Clear
Joinville,Santa Catarina,07-12-2020,76.8,54.8,65.2,,,0,,11.1,,18.8,88.07,Clear
Joinville,Santa Catarina,07/13/2020,65.1,59,62,,,0,,8.8,,37,94.51,Partially cloudy
Joinville,Santa Catarina,07/14/2020,62.6,55.3,59.2,,,0,,5.7,,38.4,87.9,Partially cloudy
Joinville,Santa Catarina,07/15/2020,64.5,51.2,57.5,,,0,,11.1,,35.9,84.41,Partially cloudy
Joinville,Santa Catarina,07/16/2020,64.3,46.1,56.4,45.2,,0,,5.8,,46.8,87.05,Partially cloudy
Joinville,Santa Catarina,07/17/2020,68.1,56.6,62.2,,,0,,5.9,,30.5,90.85,Partially cloudy
Joinville,Santa Catarina,07/18/2020,68.7,61.3,65,,,0,,4.9,,44.9,92.97,Partially cloudy
Joinville,Santa Catarina,07/19/2020,73.3,60.2,66.4,,,0,,7.8,,33.3,90.24,Partially cloudy
Joinville,Santa Catarina,07/20/2020,74.8,59.1,65.5,,,0,,4.5,,17.6,92.38,Clear
Joinville,Santa Catarina,07/21/2020,82.1,58,67.2,,83.6,0,,5.8,,4,81.54,Clear
Joinville,Santa Catarina,07/22/2020,83.9,52.4,66.1,,84.8,0,,7.8,,1.8,79.34,Clear
Joinville,Santa Catarina,07/23/2020,78.5,51.4,63.7,,,0,,6.9,,6.7,85.76,Clear
Joinville,Santa Catarina,07/24/2020,71.8,61.1,66.6,,,0,,6.9,,34.1,90.53,Partially cloudy
Joinville,Santa Catarina,07/25/2020,78.8,60.9,65.7,,,0,,18,,28.8,85.82,Partially cloudy
Joinville,Santa Catarina,07/26/2020,63.9,56.7,59.6,,,0,,3.2,,40.2,91.4,Partially cloudy
Joinville,Santa Catarina,07/27/2020,74.9,54.2,63.7,,,0,,5.8,,17.6,86.69,Clear
Joinville,Santa Catarina,07/28/2020,71.6,59.1,64.1,,,0,,18,21.9,35.1,91.07,Partially cloudy
Joinville,Santa Catarina,07/29/2020,59.2,53.7,55.7,,,0,,8.9,,51.5,84.58,Partially cloudy
Joinville,Santa Catarina,07/30/2020,59.5,50.4,55.2,,,0,,9.2,,51.2,80.02,Partially cloudy
Joinville,Santa Catarina,07/31/2020,66.4,53,59.2,,,0,,5.7,,39.4,90.87,Partially cloudy
Campinas,São Paulo,07-01-2020,69.8,55.4,63.9,,,0,,16.1,,28,61.28,Partially cloudy
Campinas,São Paulo,07-02-2020,66.3,44.6,56.5,41.3,,0,,9.2,,2.2,62.86,Clear
Campinas,São Paulo,07-03-2020,68,50,58.4,45.9,,0,,13.9,,3.3,67.09,Clear
Campinas,São Paulo,07-04-2020,77,50,62.1,47.2,,0,,18.3,,0,64.08,Clear
Campinas,São Paulo,07-05-2020,82.4,59,68.3,,81,0,,11.2,,0,59,Clear
Campinas,São Paulo,07-06-2020,80.7,57.2,70.1,,80.3,0,,13.9,,4.4,62.03,Clear
Campinas,São Paulo,07-07-2020,82.4,60.8,71.1,,81,0,,14.8,,1.1,56.99,Clear
Campinas,São Paulo,07-08-2020,82.4,60.8,71.3,,80.8,0,,17.1,,0,46.27,Clear
Campinas,São Paulo,07-09-2020,75.2,59,67.1,,,0,,9.2,,26.2,62.19,Partially cloudy
Campinas,São Paulo,07-10-2020,78.8,51.8,65.1,,,0,,16.1,,0,60.21,Clear
Campinas,São Paulo,07-11-2020,80.7,59,69.3,,80.1,0,,14.8,,16.4,61.63,Clear
Campinas,São Paulo,07-12-2020,82.4,59,70,,81,0,,12.5,,0,57.53,Clear
Campinas,São Paulo,07/13/2020,84.2,60.8,71.8,,82.5,0,,10.2,,11.7,55.37,Clear
Campinas,São Paulo,07/14/2020,75.2,60.8,67,,,0,,16.1,,24,71.72,Clear
Campinas,São Paulo,07/15/2020,71.7,57.2,62.6,,,0,,19.3,,19.9,74.3,Clear
Campinas,São Paulo,07/16/2020,78.9,57.2,66.1,,,0,,20.8,25.3,14.6,68.73,Clear
Campinas,São Paulo,07/17/2020,80.7,59,68.3,,80.3,0,,13.9,,0,66.86,Clear
Campinas,São Paulo,07/18/2020,80.6,60.8,69.4,,80.1,0,,13.9,,8.4,64.31,Clear
Campinas,São Paulo,07/19/2020,77.1,57.2,67.2,,,0,,11.3,,4.4,60.23,Clear
Campinas,São Paulo,07/20/2020,78.9,55.4,67,,,0,,12.6,,0,51.42,Clear
Campinas,São Paulo,07/21/2020,80.7,53.6,68,,79.6,0,,15.9,,1.1,54.21,Clear
Campinas,São Paulo,07/22/2020,80.7,55.4,69.2,,79.6,0,,11.4,,0,53.18,Clear
Campinas,São Paulo,07/23/2020,80.7,60.8,70.3,,79.6,0,,13.9,,3.3,51.33,Clear
Campinas,São Paulo,07/24/2020,78.9,57.2,68.6,,,0,,15,,0,50.89,Clear
Campinas,São Paulo,07/25/2020,82.5,60.8,70.4,,80.7,0,,16.1,,2.2,45.64,Clear
Campinas,São Paulo,07/26/2020,77.2,60.8,67.9,,,0,,19.7,,5.5,66.9,Clear
Campinas,São Paulo,07/27/2020,82.5,59,70.7,,80.7,0,,13.9,,0,56,Clear
Campinas,São Paulo,07/28/2020,84.2,60.8,73.6,,81.9,0,,13.7,,0,47.87,Clear
Campinas,São Paulo,07/29/2020,73.6,60.8,65.9,,,0,,21.9,,19.6,68.1,Clear
Campinas,São Paulo,07/30/2020,68.1,57.2,61.8,,,0,,25.9,,44.2,71.07,Partially cloudy
Campinas,São Paulo,07/31/2020,75.4,57.2,64.6,,,0,,18.3,,16.5,66.63,Clear
Santos,São Paulo,07-01-2020,78.7,54.1,67.9,,,0,,20.8,35.8,5.3,56.36,Clear
Santos,São Paulo,07-02-2020,68,49.5,58.4,48.3,,0,,15.6,,58.2,74.54,Partially cloudy
Santos,São Paulo,07-03-2020,68,50.8,58.7,,,0,,11.1,,62.8,77.1,Partially cloudy
Santos,São Paulo,07-04-2020,75.2,54.1,63.2,,,0,,9.2,,28.5,71.3,Partially cloudy
Santos,São Paulo,07-05-2020,82.4,55.4,68,,85.3,0,,11.4,,15.7,71.84,Clear
Santos,São Paulo,07-06-2020,78.8,61.6,69.1,,,0,,8.1,,41.4,75.09,Partially cloudy
Santos,São Paulo,07-07-2020,80.6,62.6,70.6,,79.9,0,,12.8,,27.3,70.73,Partially cloudy
Santos,São Paulo,07-08-2020,91.3,64.9,75.9,,89.4,0,,19.7,25.3,0,41.98,Clear
Santos,São Paulo,07-09-2020,69.8,55.4,65.7,,,0,,12.8,,52.2,74.39,Partially cloudy
Santos,São Paulo,07-10-2020,71.6,50.5,61.9,,,0,,10.3,,2.3,76.13,Clear
Santos,São Paulo,07-11-2020,89.5,59,69.7,,90.2,0,,12.8,,13.5,69.24,Clear
Santos,São Paulo,07-12-2020,91.3,60.8,73.6,,90,0,,18.3,,2.1,55.86,Clear
Santos,São Paulo,07/13/2020,80.6,62.4,71.3,,80.3,0,,11.4,,14.5,65.44,Clear
Santos,São Paulo,07/14/2020,71.6,57.7,63.1,,,0,,12.8,,76,86.79,Overcast
Santos,São Paulo,07/15/2020,66.1,55.9,60.1,,,0,,10.5,,81.8,86.49,Overcast
Santos,São Paulo,07/16/2020,69.8,55.4,61.8,,,0,,10.3,,60.4,83.04,Partially cloudy
Santos,São Paulo,07/17/2020,77,57.2,65.8,,,0,,9.2,,34.1,81.97,Partially cloudy
Santos,São Paulo,07/18/2020,75.2,60.3,67.1,,,0,,8.1,,21.1,76.99,Clear
Santos,São Paulo,07/19/2020,75.2,59,66.9,,,0,,8.1,,24.9,74.96,Clear
Santos,São Paulo,07/20/2020,80.5,57,66.8,,81.1,0,,11.4,,1.2,70.79,Clear
Santos,São Paulo,07/21/2020,84.1,57,69.1,,84.4,0,,8.1,,2.1,61.45,Clear
Santos,São Paulo,07/22/2020,80.6,57.5,69.1,,81.8,0,,11.4,,0,66.29,Clear
Santos,São Paulo,07/23/2020,78.8,60.8,68.5,,,0,,6.9,,3.3,67.21,Clear
Santos,São Paulo,07/24/2020,84.1,60.8,69.7,,85.3,0,,10.3,,6.2,64.5,Clear
Santos,São Paulo,07/25/2020,91.3,60.8,70.4,,90,0,,19.7,31.1,13.3,55.52,Clear
Santos,São Paulo,07/26/2020,68,59,62.7,,,0,,11.4,,81.2,87.32,Overcast
Santos,São Paulo,07/27/2020,80.6,59,67.9,,80.1,0,,10.3,,15,76.98,Clear
Santos,São Paulo,07/28/2020,89.5,59.8,73.6,,91.1,0,,13.9,,7.1,60.14,Clear
Santos,São Paulo,07/29/2020,67.9,56.4,61.6,,,0,,15,,85.8,88.96,Overcast
Santos,São Paulo,07/30/2020,64.4,53.6,58.4,,,0,,13.9,,82.8,91.98,Overcast
Santos,São Paulo,07/31/2020,69.8,55.4,61.6,,,0,,12.8,,74.7,85.03,Partially cloudy
